"SNP_ID","dsp_ss_all_pval","dsp_ss_all_pval_sim","dsp_ss_all_pval_sim_corr","dsy_ss_all_pval","dsy_ss_all_pval_sim","dsy_ss_all_pval_sim_corr","intf1_ss_all_pval","intf1_ss_all_pval_sim","intf1_ss_all_pval_sim_corr","intf2_ss_all_pval","intf2_ss_all_pval_sim","intf2_ss_all_pval_sim_corr","intf3_ss_all_pval","intf3_ss_all_pval_sim","intf3_ss_all_pval_sim_corr","flyt1_ss_all_pval","flyt1_ss_all_pval_sim","flyt1_ss_all_pval_sim_corr","flyt2_ss_all_pval","flyt2_ss_all_pval_sim","flyt2_ss_all_pval_sim_corr","flyt3a_s_all_pval","flyt3a_s_all_pval_sim","flyt3a_s_all_pval_sim_corr","ordfor_t_all_pval","ordfor_t_all_pval_sim","ordfor_t_all_pval_sim_corr","likhet_t_all_pval","likhet_t_all_pval_sim","likhet_t_all_pval_sim_corr","ternin_t_all_pval","ternin_t_all_pval_sim","ternin_t_all_pval_sim_corr","matris_t_all_pval","matris_t_all_pval_sim","matris_t_all_pval_sim_corr","wasiviq_all_pval","wasiviq_all_pval_sim","wasiviq_all_pval_sim_corr","wasiuiq_all_pval","wasiuiq_all_pval_sim","wasiuiq_all_pval_sim_corr","wasifiq_all_pval","wasifiq_all_pval_sim","wasifiq_all_pval_sim_corr","dsp_ss_males_pval","dsp_ss_males_pval_sim","dsp_ss_males_pval_sim_corr","dsy_ss_males_pval","dsy_ss_males_pval_sim","dsy_ss_males_pval_sim_corr","intf1_ss_males_pval","intf1_ss_males_pval_sim","intf1_ss_males_pval_sim_corr","intf2_ss_males_pval","intf2_ss_males_pval_sim","intf2_ss_males_pval_sim_corr","intf3_ss_males_pval","intf3_ss_males_pval_sim","intf3_ss_males_pval_sim_corr","flyt1_ss_males_pval","flyt1_ss_males_pval_sim","flyt1_ss_males_pval_sim_corr","flyt2_ss_males_pval","flyt2_ss_males_pval_sim","flyt2_ss_males_pval_sim_corr","flyt3a_s_males_pval","flyt3a_s_males_pval_sim","flyt3a_s_males_pval_sim_corr","ordfor_t_males_pval","ordfor_t_males_pval_sim","ordfor_t_males_pval_sim_corr","likhet_t_males_pval","likhet_t_males_pval_sim","likhet_t_males_pval_sim_corr","ternin_t_males_pval","ternin_t_males_pval_sim","ternin_t_males_pval_sim_corr","matris_t_males_pval","matris_t_males_pval_sim","matris_t_males_pval_sim_corr","wasiviq_males_pval","wasiviq_males_pval_sim","wasiviq_males_pval_sim_corr","wasiuiq_males_pval","wasiuiq_males_pval_sim","wasiuiq_males_pval_sim_corr","wasifiq_males_pval","wasifiq_males_pval_sim","wasifiq_males_pval_sim_corr","dsp_ss_females_pval","dsp_ss_females_pval_sim","dsp_ss_females_pval_sim_corr","dsy_ss_females_pval","dsy_ss_females_pval_sim","dsy_ss_females_pval_sim_corr","intf1_ss_females_pval","intf1_ss_females_pval_sim","intf1_ss_females_pval_sim_corr","intf2_ss_females_pval","intf2_ss_females_pval_sim","intf2_ss_females_pval_sim_corr","intf3_ss_females_pval","intf3_ss_females_pval_sim","intf3_ss_females_pval_sim_corr","flyt1_ss_females_pval","flyt1_ss_females_pval_sim","flyt1_ss_females_pval_sim_corr","flyt2_ss_females_pval","flyt2_ss_females_pval_sim","flyt2_ss_females_pval_sim_corr","flyt3a_s_females_pval","flyt3a_s_females_pval_sim","flyt3a_s_females_pval_sim_corr","ordfor_t_females_pval","ordfor_t_females_pval_sim","ordfor_t_females_pval_sim_corr","likhet_t_females_pval","likhet_t_females_pval_sim","likhet_t_females_pval_sim_corr","ternin_t_females_pval","ternin_t_females_pval_sim","ternin_t_females_pval_sim_corr","matris_t_females_pval","matris_t_females_pval_sim","matris_t_females_pval_sim_corr","wasiviq_females_pval","wasiviq_females_pval_sim","wasiviq_females_pval_sim_corr","wasiuiq_females_pval","wasiuiq_females_pval_sim","wasiuiq_females_pval_sim_corr","wasifiq_females_pval","wasifiq_females_pval_sim","wasifiq_females_pval_sim_corr"
"rs10739569",0.872922,0.874856,1.000000,0.778659,0.780660,1.000000,0.842731,0.846209,1.000000,0.667186,0.669242,1.000000,0.535794,0.533990,1.000000,0.228116,0.223348,0.982598,0.450265,0.451671,0.999900,0.557926,0.557141,1.000000,0.808974,0.809576,1.000000,0.948617,0.947994,1.000000,0.783714,0.783108,1.000000,0.715682,0.714931,1.000000,0.955548,0.955084,1.000000,0.667085,0.668523,1.000000,0.879457,0.880234,1.000000,0.638287,0.671682,1.000000,0.400647,0.391743,0.999600,0.431204,0.448593,0.999900,0.603182,0.618503,1.000000,0.273315,0.334145,0.998700,0.480159,0.505516,1.000000,0.072553,0.099872,0.821882,0.208740,0.237209,0.985599,0.429348,0.440259,0.999900,0.267085,0.305740,0.996600,0.622319,0.617299,1.000000,0.493204,0.493489,1.000000,0.293349,0.326357,0.999100,0.741649,0.743095,1.000000,0.628756,0.648057,1.000000,0.482917,0.434908,1.000000,0.654158,0.662947,1.000000,0.608817,0.588035,1.000000,0.930249,0.923108,1.000000,0.822517,0.781946,1.000000,0.315744,0.271601,0.994999,0.459897,0.395738,1.000000,0.663638,0.636464,1.000000,0.650329,0.638951,1.000000,0.304050,0.260892,0.994599,0.915347,0.914948,1.000000,0.862672,0.859771,1.000000,0.326773,0.290361,0.996300,0.779814,0.773963,1.000000,0.481854,0.457540,0.999900
"rs7042649",0.411557,0.414529,0.999900,0.834291,0.834319,1.000000,0.832052,0.835853,1.000000,0.959428,0.960040,1.000000,0.869473,0.869069,1.000000,0.208104,0.205305,0.975798,0.804480,0.801351,1.000000,0.922841,0.924730,1.000000,0.941538,0.941769,1.000000,0.965175,0.964661,1.000000,0.236685,0.240309,0.988799,0.267104,0.263740,0.993399,0.836801,0.837161,1.000000,0.073481,0.074577,0.735174,0.271205,0.271396,0.993399,0.597917,0.633855,1.000000,0.990094,0.989621,1.000000,0.228194,0.255270,0.990799,0.348918,0.379524,0.999500,0.465259,0.530972,1.000000,0.340161,0.374079,0.999700,0.412804,0.450103,0.999800,0.305627,0.341871,0.998800,0.933470,0.935170,1.000000,0.426209,0.466819,1.000000,0.081210,0.083462,0.778378,0.309374,0.302138,0.998100,0.748586,0.764034,1.000000,0.039858,0.040077,0.524352,0.350367,0.371549,0.999600,0.525567,0.482429,1.000000,0.757291,0.761041,1.000000,0.363000,0.334394,0.999100,0.385167,0.348923,0.999400,0.616862,0.536456,1.000000,0.407952,0.360317,0.999600,0.240895,0.180718,0.965297,0.372706,0.342632,0.999300,0.983921,0.983401,1.000000,0.389384,0.346931,0.999300,0.940626,0.939268,1.000000,0.580283,0.574096,1.000000,0.539391,0.508487,1.000000,0.635771,0.625995,1.000000,0.533552,0.506636,1.000000
"rs7861226",0.511976,0.519110,1.000000,0.630534,0.631229,1.000000,0.972649,0.973546,1.000000,0.945172,0.945987,1.000000,0.994013,0.993987,1.000000,0.302940,0.299381,0.997300,0.945699,0.944812,1.000000,0.934304,0.936397,1.000000,0.893066,0.893777,1.000000,0.824814,0.823355,1.000000,0.341962,0.339744,0.999100,0.435846,0.433218,0.999800,0.931451,0.931286,1.000000,0.146636,0.145625,0.926993,0.407506,0.409285,0.999900,0.765669,0.788926,1.000000,0.961824,0.959842,1.000000,0.337833,0.363241,0.999000,0.314290,0.345353,0.999100,0.480811,0.545449,1.000000,0.479800,0.512491,1.000000,0.342454,0.385936,0.999700,0.197562,0.233127,0.984698,0.907499,0.909591,1.000000,0.349513,0.387674,0.999400,0.129151,0.130519,0.902890,0.517825,0.512006,1.000000,0.682940,0.702561,1.000000,0.083024,0.081483,0.761276,0.488517,0.508972,1.000000,0.527570,0.484371,1.000000,0.463145,0.475183,1.000000,0.355435,0.338932,0.999200,0.355715,0.319267,0.998500,0.467656,0.372241,0.999700,0.452876,0.404855,0.999900,0.288910,0.227735,0.985899,0.233761,0.207373,0.982398,0.941362,0.938976,1.000000,0.525733,0.485036,1.000000,0.851218,0.847035,1.000000,0.649988,0.647691,1.000000,0.591189,0.561072,1.000000,0.758171,0.750300,1.000000,0.633334,0.613283,1.000000
"rs17343890",0.783378,0.785421,1.000000,0.855684,0.854707,1.000000,0.411854,0.443795,0.999900,0.391680,0.397012,0.999800,0.376837,0.378628,0.999500,0.053190,0.054245,0.628063,0.042446,0.044673,0.557956,0.903466,0.906770,1.000000,0.080811,0.082713,0.773077,0.252631,0.258416,0.991999,0.022571,0.021773,0.351535,0.181231,0.184212,0.965497,0.092409,0.094059,0.812981,0.021624,0.022154,0.349935,0.020561,0.022213,0.353635,0.780432,0.798819,1.000000,0.556153,0.541904,1.000000,0.844666,0.856026,1.000000,0.842152,0.855540,1.000000,0.164623,0.229676,0.983198,0.058123,0.073347,0.730373,0.239876,0.283223,0.994399,0.235468,0.262221,0.991399,0.088773,0.095217,0.817282,0.582439,0.614457,1.000000,0.010928,0.010181,0.193719,0.480008,0.480125,1.000000,0.190432,0.218444,0.979298,0.027677,0.028228,0.415342,0.042680,0.050781,0.606161,0.916876,0.903273,1.000000,0.370263,0.395821,0.999900,0.158327,0.171377,0.959896,0.297696,0.255088,0.992599,0.846522,0.805462,1.000000,0.420599,0.358317,0.999400,0.086031,0.058846,0.665267,0.274776,0.254015,0.992399,0.461104,0.443180,1.000000,0.276816,0.223402,0.985699,0.537441,0.520029,1.000000,0.228966,0.223236,0.979498,0.286792,0.246360,0.990199,0.312322,0.306714,0.997200,0.220013,0.193935,0.970697
"rs7857382",0.069796,0.065745,0.690569,0.778859,0.780656,1.000000,0.519545,0.526960,1.000000,0.351929,0.357092,0.999200,0.047642,0.046788,0.580158,0.641560,0.638327,1.000000,0.678415,0.678549,1.000000,0.442631,0.430392,0.999800,0.128254,0.129964,0.900790,0.274835,0.273067,0.993799,0.731438,0.737079,1.000000,0.333259,0.335070,0.998600,0.153359,0.156858,0.940794,0.468851,0.475772,0.999900,0.171136,0.174086,0.957096,0.004383,0.007582,0.155116,0.458548,0.436580,0.999800,0.116171,0.134087,0.911191,0.038632,0.048270,0.586959,0.055379,0.094745,0.811281,0.095028,0.111828,0.860886,0.436470,0.486272,1.000000,0.609946,0.630595,1.000000,0.054565,0.058617,0.657066,0.656741,0.684606,1.000000,0.969622,0.969520,1.000000,0.414234,0.413056,1.000000,0.192898,0.217945,0.979198,0.504200,0.505917,1.000000,0.207944,0.226154,0.982098,0.858838,0.841988,1.000000,0.284095,0.296514,0.997100,0.560849,0.536286,1.000000,0.513408,0.490044,1.000000,0.355147,0.265822,0.994599,0.359283,0.313843,0.998300,0.875190,0.853397,1.000000,0.565991,0.529364,1.000000,0.772303,0.765809,1.000000,0.281261,0.245492,0.991799,0.665063,0.669413,1.000000,0.573947,0.569713,1.000000,0.459509,0.425151,1.000000,0.712732,0.710877,1.000000,0.484841,0.458965,0.999900
"rs10760103",0.004167,0.003669,0.081908,0.927711,0.927712,1.000000,0.698207,0.692153,1.000000,0.504230,0.501914,1.000000,0.045797,0.042455,0.544554,0.393444,0.384994,0.999700,0.910002,0.910659,1.000000,0.845820,0.844671,1.000000,0.470019,0.479120,1.000000,0.454687,0.450909,1.000000,0.504073,0.507566,1.000000,0.442224,0.442276,0.999800,0.462263,0.468883,1.000000,0.299718,0.299566,0.996800,0.260263,0.260167,0.992499,0.000465,0.001059,0.025903,0.600511,0.585704,1.000000,0.120839,0.138520,0.917392,0.065584,0.078267,0.753475,0.064094,0.105112,0.844084,0.019500,0.026594,0.400340,0.675037,0.709207,1.000000,0.894297,0.903485,1.000000,0.158860,0.162708,0.943594,0.659482,0.690117,1.000000,0.665553,0.666973,1.000000,0.365170,0.362114,0.999700,0.343590,0.374625,0.999900,0.298971,0.306515,0.998400,0.215632,0.234364,0.985599,0.531009,0.490154,1.000000,0.709981,0.720521,1.000000,0.347947,0.319577,0.998300,0.407394,0.383523,1.000000,0.317650,0.229538,0.988099,0.296369,0.251579,0.991599,0.579759,0.523487,1.000000,0.886998,0.874046,1.000000,0.732645,0.726993,1.000000,0.539812,0.502106,1.000000,0.609127,0.612493,1.000000,0.841151,0.837456,1.000000,0.908468,0.900229,1.000000,0.656475,0.650837,1.000000,0.705701,0.688584,1.000000
"rs10739568",0.004210,0.003613,0.080508,0.930861,0.931042,1.000000,0.696108,0.690978,1.000000,0.495249,0.494582,1.000000,0.045968,0.042728,0.546955,0.394891,0.387530,0.999700,0.892876,0.894252,1.000000,0.846873,0.845992,1.000000,0.467895,0.475079,1.000000,0.458922,0.455187,1.000000,0.512196,0.517019,1.000000,0.452917,0.451662,0.999800,0.464434,0.469036,1.000000,0.307822,0.307444,0.997500,0.265122,0.264270,0.992599,0.000475,0.001087,0.026703,0.604679,0.590285,1.000000,0.119437,0.137361,0.915692,0.062192,0.074396,0.737074,0.064604,0.105484,0.844884,0.019645,0.026640,0.400840,0.701170,0.733042,1.000000,0.896158,0.905244,1.000000,0.157041,0.160931,0.941994,0.668175,0.698120,1.000000,0.680799,0.681984,1.000000,0.380698,0.377626,1.000000,0.346571,0.377670,0.999900,0.312141,0.319592,0.999000,0.222624,0.242177,0.987099,0.530035,0.487467,1.000000,0.710258,0.720469,1.000000,0.347315,0.317276,0.998200,0.405953,0.382761,1.000000,0.316951,0.230680,0.988399,0.296226,0.249225,0.991499,0.582513,0.527239,1.000000,0.886693,0.874085,1.000000,0.732075,0.723875,1.000000,0.538681,0.499058,1.000000,0.607478,0.610218,1.000000,0.838823,0.834138,1.000000,0.907822,0.897891,1.000000,0.654403,0.649201,1.000000,0.704080,0.685172,1.000000
"rs4837782",0.004210,0.003613,0.080508,0.930861,0.931042,1.000000,0.696108,0.690978,1.000000,0.495249,0.494582,1.000000,0.045968,0.042728,0.546955,0.394891,0.387530,0.999700,0.892876,0.894252,1.000000,0.846873,0.845992,1.000000,0.467895,0.475079,1.000000,0.458922,0.455187,1.000000,0.512196,0.517019,1.000000,0.452917,0.451662,0.999800,0.464434,0.469036,1.000000,0.307822,0.307444,0.997500,0.265122,0.264270,0.992599,0.000475,0.001087,0.026703,0.604679,0.590285,1.000000,0.119437,0.137361,0.915692,0.062192,0.074396,0.737074,0.064604,0.105484,0.844884,0.019645,0.026640,0.400840,0.701170,0.733042,1.000000,0.896158,0.905244,1.000000,0.157041,0.160931,0.941994,0.668175,0.698120,1.000000,0.680799,0.681984,1.000000,0.380698,0.377626,1.000000,0.346571,0.377670,0.999900,0.312141,0.319592,0.999000,0.222624,0.242177,0.987099,0.530035,0.487467,1.000000,0.710258,0.720469,1.000000,0.347315,0.317276,0.998200,0.405953,0.382761,1.000000,0.316951,0.230680,0.988399,0.296226,0.249225,0.991499,0.582513,0.527239,1.000000,0.886693,0.874085,1.000000,0.732075,0.723875,1.000000,0.538681,0.499058,1.000000,0.607478,0.610218,1.000000,0.838823,0.834138,1.000000,0.907822,0.897891,1.000000,0.654403,0.649201,1.000000,0.704080,0.685172,1.000000
"rs10984957",0.014428,0.012639,0.231323,0.856972,0.858235,1.000000,0.519716,0.519260,1.000000,0.280384,0.277109,0.994299,0.039418,0.036008,0.494449,0.577615,0.573465,1.000000,0.855934,0.855543,1.000000,0.508279,0.498886,0.999900,0.194904,0.198837,0.973097,0.329010,0.327715,0.998900,0.653661,0.659117,1.000000,0.524071,0.526952,1.000000,0.216055,0.222722,0.982598,0.444046,0.452247,0.999900,0.201803,0.204813,0.975998,0.000823,0.001627,0.039704,0.497017,0.477074,0.999900,0.090217,0.105525,0.847585,0.027342,0.034472,0.475748,0.049867,0.084568,0.775278,0.057218,0.070029,0.715672,0.523830,0.570667,1.000000,0.582549,0.608014,1.000000,0.070653,0.074837,0.742874,0.640781,0.672760,1.000000,0.880411,0.880994,1.000000,0.500321,0.498248,1.000000,0.217902,0.249297,0.989699,0.514723,0.520817,1.000000,0.224073,0.244112,0.987599,0.790107,0.764598,1.000000,0.710239,0.718481,1.000000,0.505167,0.483715,1.000000,0.586246,0.565535,1.000000,0.314974,0.227997,0.987799,0.331166,0.290715,0.997100,0.739905,0.698206,1.000000,0.693030,0.665937,1.000000,0.911419,0.909329,1.000000,0.371231,0.336217,0.999100,0.639168,0.642034,1.000000,0.803147,0.801292,1.000000,0.579843,0.553364,1.000000,0.657988,0.655626,1.000000,0.534225,0.511299,1.000000
"rs7852102",0.012512,0.010773,0.203120,0.852664,0.853833,1.000000,0.474615,0.477325,0.999900,0.272973,0.272385,0.993899,0.045193,0.042064,0.542254,0.484744,0.482412,1.000000,0.862222,0.862560,1.000000,0.518796,0.509996,1.000000,0.191500,0.196470,0.971397,0.349947,0.348893,0.998900,0.653091,0.657671,1.000000,0.524956,0.528498,1.000000,0.218871,0.226484,0.983698,0.433580,0.440571,0.999900,0.202284,0.205211,0.976298,0.000803,0.001596,0.039104,0.492811,0.473240,0.999900,0.091483,0.106665,0.851585,0.029237,0.036483,0.494349,0.049404,0.084326,0.773977,0.056824,0.069676,0.713671,0.498203,0.546723,1.000000,0.580845,0.606134,1.000000,0.071731,0.076050,0.748675,0.631178,0.664181,1.000000,0.862010,0.862626,1.000000,0.480060,0.478033,1.000000,0.215469,0.246612,0.989599,0.494910,0.500305,1.000000,0.216193,0.235962,0.985899,0.781519,0.755740,1.000000,0.698390,0.709372,1.000000,0.547414,0.526433,1.000000,0.587616,0.564272,1.000000,0.365302,0.278574,0.996000,0.407813,0.368300,0.999600,0.691971,0.646139,1.000000,0.713668,0.687954,1.000000,0.918331,0.916622,1.000000,0.406034,0.371614,0.999700,0.650662,0.652901,1.000000,0.833862,0.830710,1.000000,0.599625,0.575750,1.000000,0.664433,0.661595,1.000000,0.555712,0.533875,1.000000
"rs1475663",0.401205,0.411202,0.999900,0.868089,0.871580,1.000000,0.780682,0.784205,1.000000,0.654266,0.655868,1.000000,0.640007,0.644047,1.000000,0.853807,0.852611,1.000000,0.390399,0.400795,0.999800,0.592428,0.596116,1.000000,0.911845,0.911528,1.000000,0.352329,0.358507,0.999000,0.181583,0.183194,0.962596,0.211182,0.214563,0.981298,0.539128,0.545374,1.000000,0.083667,0.084731,0.776178,0.159015,0.165696,0.950595,0.444784,0.490442,1.000000,0.364260,0.349364,0.999200,0.352954,0.376264,0.999300,0.847376,0.856181,1.000000,0.650243,0.699476,1.000000,0.087780,0.106048,0.848685,0.139893,0.178084,0.956596,0.955518,0.959592,1.000000,0.680801,0.691572,1.000000,0.491567,0.528120,1.000000,0.169766,0.174778,0.958396,0.495742,0.495076,1.000000,0.589481,0.617907,1.000000,0.159553,0.163287,0.944694,0.237441,0.259319,0.991399,0.678802,0.645851,1.000000,0.470311,0.487267,1.000000,0.561291,0.551941,1.000000,0.653009,0.633468,1.000000,0.840547,0.804740,1.000000,0.122045,0.094543,0.822482,0.752269,0.719078,1.000000,0.469944,0.442036,1.000000,0.782877,0.774964,1.000000,0.530205,0.494128,1.000000,0.622575,0.626736,1.000000,0.270134,0.269773,0.992599,0.746275,0.731048,1.000000,0.301548,0.302193,0.996900,0.422414,0.407926,0.999800
"rs10818467",0.005878,0.005197,0.109711,0.755483,0.755431,1.000000,0.658870,0.654692,1.000000,0.544306,0.541720,1.000000,0.052054,0.049230,0.597460,0.459952,0.452582,1.000000,0.833964,0.835210,1.000000,0.813566,0.811721,1.000000,0.539642,0.546155,1.000000,0.521625,0.518744,1.000000,0.632904,0.636666,1.000000,0.563557,0.562820,1.000000,0.537346,0.542874,1.000000,0.426735,0.426187,0.999800,0.359743,0.360527,0.999400,0.000477,0.001097,0.026803,0.604428,0.590181,1.000000,0.119335,0.137370,0.915692,0.062080,0.074297,0.736574,0.064728,0.105523,0.844884,0.019574,0.026598,0.400340,0.700925,0.732637,1.000000,0.896206,0.905482,1.000000,0.156947,0.160975,0.941994,0.668514,0.698834,1.000000,0.681134,0.682202,1.000000,0.380825,0.377646,1.000000,0.346639,0.377857,0.999900,0.312397,0.319595,0.999000,0.222800,0.242363,0.987199,0.643588,0.606835,1.000000,0.353639,0.369461,0.999600,0.377623,0.347053,0.999200,0.341995,0.317537,0.998300,0.356245,0.265679,0.994599,0.223302,0.180914,0.964196,0.510323,0.455674,1.000000,0.840171,0.822190,1.000000,0.611652,0.600518,1.000000,0.633012,0.597772,1.000000,0.788763,0.789431,1.000000,0.968172,0.967212,1.000000,0.962034,0.957868,1.000000,0.894350,0.892052,1.000000,0.920230,0.913521,1.000000
"rs10818466",0.028493,0.026089,0.396040,0.987842,0.988055,1.000000,0.699195,0.699512,1.000000,0.278333,0.276376,0.994199,0.069437,0.066254,0.695770,0.618059,0.615773,1.000000,0.799340,0.799837,1.000000,0.398576,0.389769,0.999600,0.207339,0.210375,0.979298,0.309376,0.307494,0.997900,0.905261,0.906771,1.000000,0.761210,0.762041,1.000000,0.218781,0.227798,0.984398,0.719637,0.728083,1.000000,0.297344,0.301194,0.996900,0.002207,0.003877,0.084408,0.368006,0.348044,0.999200,0.220425,0.242448,0.987399,0.020785,0.026266,0.398840,0.091586,0.139986,0.913891,0.052804,0.064189,0.688669,0.406381,0.461287,0.999900,0.464867,0.493600,1.000000,0.054803,0.058451,0.656166,0.517107,0.557749,1.000000,0.914389,0.914515,1.000000,0.731662,0.730083,1.000000,0.169032,0.194953,0.969997,0.759959,0.764538,1.000000,0.268569,0.289832,0.996000,0.900254,0.887121,1.000000,0.386917,0.401678,1.000000,0.534986,0.511844,1.000000,0.492106,0.467024,1.000000,0.364392,0.273831,0.995300,0.256245,0.218996,0.983098,0.666784,0.620215,1.000000,0.637265,0.604309,1.000000,0.940230,0.938500,1.000000,0.431998,0.397004,1.000000,0.791837,0.794246,1.000000,0.924450,0.923217,1.000000,0.692566,0.670769,1.000000,0.837303,0.835873,1.000000,0.696104,0.677586,1.000000
"rs7043614",0.005917,0.004959,0.105611,0.868497,0.868374,1.000000,0.671861,0.667780,1.000000,0.704857,0.703110,1.000000,0.055071,0.051855,0.615362,0.674995,0.665140,1.000000,0.482223,0.489309,0.999900,0.894735,0.893440,1.000000,0.314232,0.323111,0.998700,0.386971,0.380941,0.999500,0.670077,0.673280,1.000000,0.592216,0.588661,1.000000,0.312349,0.312028,0.997700,0.488500,0.485982,0.999900,0.269840,0.263364,0.992599,0.001288,0.002366,0.056406,0.802534,0.793140,1.000000,0.078595,0.093772,0.812981,0.067251,0.080238,0.763376,0.050186,0.084084,0.773277,0.035682,0.045872,0.575358,0.864859,0.880864,1.000000,0.852705,0.865300,1.000000,0.121616,0.127888,0.895690,0.573088,0.607094,1.000000,0.787029,0.785869,1.000000,0.410409,0.403367,1.000000,0.274381,0.298334,0.997400,0.404951,0.404123,0.999900,0.223498,0.240502,0.986899,0.458146,0.409933,1.000000,0.642217,0.652886,1.000000,0.278749,0.246061,0.991399,0.225430,0.202334,0.975998,0.430221,0.339346,0.999100,0.157561,0.124443,0.893689,0.259227,0.210836,0.980998,0.994845,0.994264,1.000000,0.935940,0.934096,1.000000,0.510502,0.472735,1.000000,0.740690,0.739235,1.000000,0.966726,0.965542,1.000000,0.721338,0.697128,1.000000,0.868527,0.864659,1.000000,0.713409,0.693888,1.000000
"rs914617",0.005878,0.005197,0.109711,0.755483,0.755547,1.000000,0.658870,0.654883,1.000000,0.544306,0.541834,1.000000,0.052054,0.049295,0.597760,0.459952,0.452660,1.000000,0.833964,0.835140,1.000000,0.813566,0.811778,1.000000,0.539642,0.546042,1.000000,0.521625,0.518256,1.000000,0.632904,0.636848,1.000000,0.563557,0.562897,1.000000,0.537346,0.541972,1.000000,0.426735,0.426519,0.999800,0.359743,0.360243,0.999400,0.000477,0.001090,0.026703,0.604428,0.590017,1.000000,0.119335,0.137218,0.915492,0.062080,0.074271,0.736474,0.064728,0.105650,0.845185,0.019574,0.026541,0.400240,0.700925,0.732808,1.000000,0.896206,0.905295,1.000000,0.156947,0.160832,0.941894,0.668514,0.698432,1.000000,0.681134,0.682326,1.000000,0.380825,0.377762,1.000000,0.346639,0.377679,0.999900,0.312397,0.319841,0.999000,0.222800,0.242348,0.987199,0.643588,0.606715,1.000000,0.353639,0.369578,0.999600,0.377623,0.347084,0.999200,0.341995,0.317594,0.998300,0.356245,0.265772,0.994599,0.223302,0.180801,0.964196,0.510323,0.455502,1.000000,0.840171,0.822144,1.000000,0.611652,0.600604,1.000000,0.633012,0.597844,1.000000,0.788763,0.789418,1.000000,0.968172,0.967208,1.000000,0.962034,0.957867,1.000000,0.894350,0.892061,1.000000,0.920230,0.913514,1.000000
"rs10818462",0.012458,0.013142,0.238824,0.812243,0.810011,1.000000,0.248589,0.263786,0.993399,0.661004,0.657778,1.000000,0.982877,0.983157,1.000000,0.270141,0.267470,0.993899,0.372001,0.386041,0.999800,0.674589,0.682712,1.000000,0.158609,0.151342,0.933593,0.175160,0.175403,0.953095,0.065801,0.064860,0.685969,0.076393,0.079210,0.760076,0.098389,0.095499,0.817882,0.019324,0.020004,0.324432,0.013958,0.013528,0.241324,0.012423,0.019440,0.325533,0.763985,0.754124,1.000000,0.897091,0.903799,1.000000,0.837724,0.848869,1.000000,0.498390,0.562729,1.000000,0.574423,0.601704,1.000000,0.668653,0.708204,1.000000,0.338496,0.368515,0.999200,0.057101,0.061729,0.675568,0.332235,0.370542,0.999100,0.131330,0.130741,0.903190,0.124266,0.129829,0.896590,0.117925,0.137398,0.909191,0.036991,0.039585,0.520152,0.024662,0.032284,0.460546,0.316728,0.267590,0.992499,0.503563,0.517669,1.000000,0.120099,0.117885,0.887789,0.670886,0.642706,1.000000,0.450841,0.358045,0.999300,0.308124,0.259837,0.993499,0.077593,0.053296,0.631163,0.101813,0.088784,0.806381,0.970700,0.968503,1.000000,0.339328,0.291553,0.996500,0.275183,0.266965,0.993599,0.336411,0.319270,0.997300,0.448785,0.411541,1.000000,0.226388,0.216195,0.978398,0.225071,0.197637,0.972797
"rs7875141",0.039588,0.035516,0.483948,0.857029,0.856693,1.000000,0.645901,0.641825,1.000000,0.562346,0.563528,1.000000,0.049220,0.047779,0.588259,0.652581,0.646194,1.000000,0.969981,0.969562,1.000000,0.548070,0.539784,1.000000,0.193733,0.195115,0.970297,0.312216,0.308782,0.997900,0.839819,0.841739,1.000000,0.673945,0.675808,1.000000,0.217413,0.220283,0.982098,0.645808,0.648687,1.000000,0.263993,0.266767,0.992899,0.000832,0.001576,0.038104,0.522058,0.499876,1.000000,0.156555,0.175631,0.958296,0.051773,0.063219,0.679768,0.070934,0.111440,0.859686,0.046087,0.057413,0.652165,0.557301,0.599096,1.000000,0.363740,0.390743,0.999500,0.079401,0.084674,0.781978,0.413164,0.454397,0.999900,0.886623,0.886808,1.000000,0.509844,0.511214,1.000000,0.166475,0.191159,0.967597,0.540431,0.544002,1.000000,0.194953,0.214030,0.977198,0.769100,0.740769,1.000000,0.403462,0.410226,1.000000,0.494637,0.470558,1.000000,0.313136,0.286083,0.996500,0.312096,0.223397,0.986899,0.218685,0.177165,0.961496,0.553486,0.502152,1.000000,0.983214,0.981175,1.000000,0.881858,0.879311,1.000000,0.535286,0.500476,1.000000,0.885973,0.886895,1.000000,0.971453,0.970998,1.000000,0.688171,0.663713,1.000000,0.951851,0.951127,1.000000,0.746202,0.730641,1.000000
"rs3750494",0.051470,0.046664,0.572757,0.729157,0.733353,1.000000,0.649125,0.645682,1.000000,0.846430,0.846414,1.000000,0.043080,0.039244,0.522452,0.603046,0.598235,1.000000,0.684826,0.683333,1.000000,0.348674,0.341293,0.998800,0.140618,0.141355,0.919192,0.128361,0.129835,0.898990,0.418061,0.425230,1.000000,0.556530,0.555439,1.000000,0.109450,0.112737,0.866587,0.383455,0.392450,0.999600,0.120955,0.127538,0.896390,0.002384,0.004201,0.092909,0.733866,0.717461,1.000000,0.115427,0.132817,0.908691,0.205006,0.230120,0.986299,0.043000,0.077086,0.743274,0.053999,0.067834,0.706071,0.323384,0.376447,0.999500,0.164105,0.190391,0.963996,0.038590,0.044333,0.562856,0.193196,0.235569,0.983798,0.464794,0.459246,1.000000,0.332194,0.333390,0.999200,0.070779,0.091642,0.800580,0.272544,0.276984,0.995200,0.072426,0.086616,0.781278,0.912973,0.901933,1.000000,0.442443,0.450250,1.000000,0.424932,0.395370,0.999800,0.382452,0.354339,0.999600,0.364917,0.272165,0.995200,0.304539,0.257017,0.992699,0.735022,0.696431,1.000000,0.989674,0.988347,1.000000,0.899634,0.897253,1.000000,0.380169,0.345222,0.999300,0.665015,0.667560,1.000000,0.937687,0.937380,1.000000,0.594614,0.567275,1.000000,0.850663,0.849872,1.000000,0.635195,0.616751,1.000000
"rs10984949",0.042078,0.037889,0.506051,0.795710,0.798677,1.000000,0.677225,0.674045,1.000000,0.749732,0.750937,1.000000,0.049330,0.045750,0.571457,0.541738,0.535948,1.000000,0.673428,0.669446,1.000000,0.330042,0.321635,0.997600,0.150814,0.150770,0.932693,0.148069,0.149412,0.929293,0.457681,0.464990,1.000000,0.539692,0.540135,1.000000,0.121100,0.123096,0.890489,0.399957,0.410001,0.999800,0.131610,0.137554,0.914791,0.001444,0.002535,0.060406,0.635519,0.617065,1.000000,0.135650,0.156674,0.940394,0.154123,0.175970,0.954795,0.057539,0.097936,0.823482,0.035431,0.045745,0.574557,0.288770,0.337757,0.998700,0.135909,0.157357,0.936794,0.042859,0.047670,0.587459,0.217531,0.259244,0.990299,0.550515,0.549353,1.000000,0.333124,0.332979,0.999200,0.078660,0.099773,0.829883,0.308923,0.315141,0.999000,0.084354,0.098618,0.820482,0.904073,0.891892,1.000000,0.442514,0.450435,1.000000,0.440633,0.412481,0.999900,0.400100,0.373922,0.999900,0.345521,0.256963,0.992899,0.290451,0.243893,0.990499,0.704067,0.661674,1.000000,0.981358,0.979054,1.000000,0.904291,0.901983,1.000000,0.400926,0.365619,0.999600,0.643235,0.646780,1.000000,0.967940,0.967996,1.000000,0.609498,0.582096,1.000000,0.824672,0.824340,1.000000,0.629127,0.610907,1.000000
"rs10984946",0.793265,0.795671,1.000000,0.486465,0.480558,1.000000,0.119679,0.116582,0.874987,0.427736,0.431613,0.999900,0.424907,0.430944,1.000000,0.512855,0.513077,1.000000,0.709699,0.703115,1.000000,0.423183,0.418216,0.999800,0.346047,0.351212,0.999600,0.295278,0.296577,0.996900,0.546357,0.539899,1.000000,0.983618,0.983269,1.000000,0.429690,0.433835,0.999900,0.646666,0.641365,1.000000,0.849471,0.847437,1.000000,0.654468,0.687574,1.000000,0.608279,0.591295,1.000000,0.096075,0.104933,0.846085,0.376152,0.405425,0.999800,0.357896,0.420490,0.999900,0.576374,0.609268,1.000000,0.501240,0.543938,1.000000,0.795342,0.810484,1.000000,0.456957,0.469678,0.999900,0.696985,0.723445,1.000000,0.596426,0.597238,1.000000,0.491697,0.485126,1.000000,0.535089,0.566459,1.000000,0.941784,0.941714,1.000000,0.741173,0.751594,1.000000,0.435591,0.396138,1.000000,0.634637,0.637163,1.000000,0.564246,0.533007,1.000000,0.795548,0.781329,1.000000,0.815354,0.770676,1.000000,0.155051,0.128103,0.901390,0.904738,0.889924,1.000000,0.179383,0.145871,0.937294,0.550705,0.544607,1.000000,0.283534,0.253688,0.993299,0.739998,0.733164,1.000000,0.500792,0.503782,1.000000,0.614956,0.596023,1.000000,0.574726,0.564088,1.000000,0.960782,0.958818,1.000000
"rs10818461",0.064898,0.059933,0.658266,0.822797,0.827144,1.000000,0.978785,0.978535,1.000000,0.686112,0.685877,1.000000,0.099819,0.093907,0.810881,0.456693,0.454358,1.000000,0.645120,0.641528,1.000000,0.323431,0.313753,0.997300,0.195886,0.195290,0.970297,0.128288,0.131347,0.903090,0.563716,0.568058,1.000000,0.568831,0.567385,1.000000,0.133692,0.140317,0.920192,0.470557,0.476149,0.999900,0.160471,0.165506,0.950295,0.003775,0.006681,0.138514,0.595454,0.578326,1.000000,0.375845,0.395078,0.999700,0.138845,0.157922,0.936194,0.151600,0.215328,0.978198,0.026678,0.034648,0.481048,0.273506,0.322345,0.998100,0.120253,0.145614,0.922692,0.064459,0.069012,0.713771,0.184218,0.219781,0.977798,0.731433,0.726360,1.000000,0.379754,0.375115,0.999900,0.089479,0.110906,0.855186,0.412067,0.415225,0.999900,0.116755,0.131546,0.900190,0.871952,0.856355,1.000000,0.428103,0.437626,1.000000,0.436379,0.407788,0.999900,0.416229,0.385811,1.000000,0.358120,0.268396,0.994899,0.302859,0.255270,0.992499,0.702763,0.661584,1.000000,0.929942,0.921159,1.000000,0.955382,0.954290,1.000000,0.397243,0.363888,0.999600,0.639086,0.642133,1.000000,0.973179,0.972790,1.000000,0.633836,0.609107,1.000000,0.821013,0.819633,1.000000,0.642044,0.622739,1.000000
"rs4836822",0.037182,0.032163,0.453745,0.773632,0.773397,1.000000,0.600928,0.594295,1.000000,0.728009,0.729061,1.000000,0.063420,0.057989,0.652265,0.600926,0.594098,1.000000,0.691037,0.686285,1.000000,0.305168,0.298273,0.996400,0.089043,0.087115,0.789579,0.103383,0.104695,0.842484,0.499574,0.503269,1.000000,0.641678,0.642073,1.000000,0.071730,0.072674,0.729673,0.465292,0.470540,0.999900,0.114097,0.116505,0.872087,0.001741,0.003064,0.071307,0.748320,0.736869,1.000000,0.183193,0.203468,0.974197,0.203813,0.225158,0.984398,0.084027,0.132150,0.901890,0.078931,0.094295,0.812381,0.351537,0.396326,0.999800,0.101728,0.122957,0.880888,0.070859,0.077564,0.754575,0.271911,0.313512,0.997600,0.544414,0.545391,1.000000,0.392618,0.390534,1.000000,0.115814,0.138916,0.911591,0.336997,0.339514,0.999300,0.116077,0.129291,0.896090,0.981286,0.978380,1.000000,0.499027,0.511411,1.000000,0.619979,0.597496,1.000000,0.498159,0.471982,1.000000,0.345620,0.259114,0.993299,0.378547,0.328259,0.998500,0.760653,0.723554,1.000000,0.924019,0.915133,1.000000,0.508154,0.497730,1.000000,0.228794,0.196758,0.975298,0.716852,0.719292,1.000000,0.885482,0.885021,1.000000,0.313239,0.279539,0.995100,0.906363,0.906004,1.000000,0.476789,0.452190,0.999900
"rs3849113",0.030576,0.027781,0.414441,0.911287,0.911895,1.000000,0.754751,0.752159,1.000000,0.570542,0.570189,1.000000,0.035966,0.033582,0.475248,0.543334,0.536807,1.000000,0.708695,0.707645,1.000000,0.442818,0.434292,0.999800,0.141609,0.140352,0.917792,0.141405,0.138502,0.913391,0.551101,0.556599,1.000000,0.430531,0.429941,0.999800,0.115639,0.116989,0.876788,0.372715,0.378309,0.999600,0.117201,0.120036,0.880888,0.001413,0.002639,0.062206,0.641832,0.623496,1.000000,0.150887,0.170050,0.953295,0.091550,0.104386,0.841584,0.038505,0.068048,0.704670,0.061511,0.074702,0.737274,0.385653,0.437851,0.999800,0.215778,0.240969,0.986599,0.056114,0.060045,0.666867,0.271669,0.315178,0.997700,0.871771,0.872048,1.000000,0.312566,0.312651,0.998500,0.106517,0.130900,0.897890,0.422780,0.426611,1.000000,0.123115,0.138634,0.912891,0.989265,0.987839,1.000000,0.785308,0.789099,1.000000,0.376247,0.348279,0.999200,0.441775,0.418554,1.000000,0.339712,0.246282,0.991199,0.378330,0.332106,0.998700,0.776334,0.741044,1.000000,0.929280,0.922037,1.000000,0.803444,0.799101,1.000000,0.322568,0.287358,0.996400,0.509888,0.514796,1.000000,0.883046,0.882173,1.000000,0.509562,0.480337,1.000000,0.633959,0.631670,1.000000,0.473828,0.450842,0.999900
"rs2490594",0.022918,0.020400,0.336034,0.992701,0.992749,1.000000,0.925727,0.925022,1.000000,0.771018,0.772431,1.000000,0.076794,0.070843,0.718672,0.457375,0.451428,1.000000,0.471051,0.469388,0.999900,0.292231,0.282534,0.995400,0.154549,0.152543,0.935194,0.153333,0.148295,0.927593,0.675218,0.678892,1.000000,0.376525,0.376832,0.999700,0.127181,0.125783,0.896390,0.390506,0.396872,0.999600,0.130370,0.132621,0.906191,0.001298,0.002522,0.060406,0.743457,0.728594,1.000000,0.222316,0.247646,0.988899,0.138643,0.160403,0.938794,0.054037,0.091069,0.798480,0.056873,0.070626,0.718572,0.246814,0.295515,0.995700,0.105035,0.124956,0.885089,0.067750,0.071203,0.725473,0.316696,0.361388,0.998900,0.912790,0.912722,1.000000,0.306936,0.306930,0.998300,0.128482,0.152645,0.931493,0.503462,0.508107,1.000000,0.160413,0.175846,0.954495,0.882850,0.867704,1.000000,0.757201,0.760915,1.000000,0.326471,0.296313,0.997300,0.341588,0.316364,0.998200,0.520903,0.427956,1.000000,0.467740,0.424397,1.000000,0.938043,0.926663,1.000000,0.960716,0.957001,1.000000,0.791429,0.785465,1.000000,0.307582,0.270521,0.995300,0.506148,0.509603,1.000000,0.789336,0.788285,1.000000,0.495854,0.462996,1.000000,0.580542,0.576576,1.000000,0.441475,0.414275,0.999900
"rs7869290",0.143214,0.147705,0.927193,0.747041,0.743184,1.000000,0.346471,0.354851,0.999400,0.198343,0.202365,0.971697,0.089645,0.093749,0.809881,0.958205,0.958253,1.000000,0.541132,0.550568,1.000000,0.143401,0.142579,0.918492,0.994955,0.994856,1.000000,0.415585,0.407841,0.999700,0.977129,0.976445,1.000000,0.570207,0.565941,1.000000,0.641127,0.637035,1.000000,0.777158,0.776053,1.000000,0.668319,0.662215,1.000000,0.110356,0.139806,0.916792,0.941312,0.940017,1.000000,0.193426,0.218501,0.979498,0.157629,0.181260,0.958796,0.141575,0.191589,0.964796,0.582340,0.612694,1.000000,0.243815,0.292521,0.995500,0.318034,0.347480,0.999000,0.441647,0.457646,0.999900,0.445284,0.471090,1.000000,0.263436,0.255969,0.992899,0.714885,0.711102,1.000000,0.464523,0.495413,1.000000,0.402607,0.401753,0.999900,0.352316,0.366335,0.999500,0.665218,0.630798,1.000000,0.694065,0.704056,1.000000,0.987589,0.987079,1.000000,0.711971,0.687454,1.000000,0.362122,0.281803,0.996300,0.608264,0.569423,1.000000,0.722850,0.687885,1.000000,0.283050,0.249656,0.991599,0.415013,0.397859,1.000000,0.044781,0.029554,0.430943,0.214978,0.207705,0.976198,0.221724,0.218828,0.978198,0.142930,0.121013,0.883588,0.190050,0.184603,0.961296,0.104722,0.094001,0.810181
"rs2501727",0.229449,0.228833,0.985799,0.633515,0.638021,1.000000,0.689258,0.694080,1.000000,0.941594,0.942251,1.000000,0.542675,0.548501,1.000000,0.206939,0.206964,0.976398,0.705345,0.705295,1.000000,0.865020,0.867777,1.000000,0.391393,0.388199,0.999900,0.786142,0.790402,1.000000,0.347872,0.351401,0.999300,0.603325,0.601186,1.000000,0.488083,0.494920,1.000000,0.388748,0.385245,0.999600,0.352646,0.358219,0.999300,0.160219,0.197936,0.971997,0.377305,0.361048,0.999500,0.411446,0.438640,0.999900,0.973862,0.976028,1.000000,0.956391,0.963788,1.000000,0.039758,0.055053,0.636064,0.837328,0.856316,1.000000,0.893428,0.904559,1.000000,0.186985,0.196883,0.970497,0.948196,0.954308,1.000000,0.784202,0.782091,1.000000,0.734598,0.733563,1.000000,0.421958,0.452957,1.000000,0.972416,0.972361,1.000000,0.589515,0.614462,1.000000,0.728773,0.699566,1.000000,0.873146,0.878932,1.000000,0.835462,0.824505,1.000000,0.897277,0.890213,1.000000,0.382040,0.306853,0.997800,0.866143,0.849996,1.000000,0.745291,0.707868,1.000000,0.724564,0.701030,1.000000,0.965530,0.963949,1.000000,0.757933,0.730355,1.000000,0.306980,0.312603,0.998000,0.311302,0.309778,0.997000,0.836270,0.821036,1.000000,0.230775,0.231143,0.983498,0.443102,0.430180,0.999900
"rs10984920",0.057344,0.053742,0.620762,0.934551,0.935206,1.000000,0.907948,0.906760,1.000000,0.973340,0.973899,1.000000,0.071918,0.068732,0.708071,0.668109,0.662973,1.000000,0.590754,0.589974,1.000000,0.635668,0.629257,1.000000,0.194916,0.192842,0.969197,0.193020,0.193743,0.967497,0.493395,0.497176,1.000000,0.669472,0.672154,1.000000,0.154660,0.156129,0.939794,0.476824,0.481235,0.999900,0.163349,0.162022,0.946695,0.002615,0.004466,0.097410,0.673250,0.654188,1.000000,0.167938,0.186078,0.964396,0.173106,0.187377,0.963096,0.039782,0.069938,0.713471,0.063722,0.078744,0.753675,0.276710,0.325796,0.998400,0.217503,0.244624,0.987399,0.051813,0.053795,0.625963,0.196632,0.228877,0.981598,0.848559,0.847782,1.000000,0.331770,0.328694,0.999100,0.084263,0.100153,0.830883,0.439789,0.441390,1.000000,0.108836,0.122821,0.883288,0.877694,0.863006,1.000000,0.625307,0.634920,1.000000,0.279417,0.245620,0.991299,0.205338,0.184640,0.964696,0.567009,0.479723,1.000000,0.276210,0.233308,0.987699,0.799637,0.771015,1.000000,0.638094,0.604332,1.000000,0.995827,0.995744,1.000000,0.555076,0.520563,1.000000,0.454276,0.455226,1.000000,0.766099,0.767523,1.000000,0.717082,0.695146,1.000000,0.793002,0.794611,1.000000,0.664621,0.647165,1.000000
"rs10984917",0.734492,0.731191,1.000000,0.271190,0.269309,0.995200,0.060051,0.058460,0.657366,0.387028,0.384757,0.999500,0.228519,0.222068,0.982898,0.289793,0.285679,0.996200,0.605925,0.598839,1.000000,0.388207,0.380083,0.999600,0.578443,0.575860,1.000000,0.862324,0.862981,1.000000,0.857379,0.856646,1.000000,0.655776,0.660674,1.000000,0.917711,0.916137,1.000000,0.678475,0.683631,1.000000,0.910314,0.910340,1.000000,0.047598,0.068197,0.706771,0.193797,0.181369,0.965097,0.122935,0.141469,0.920992,0.109334,0.133571,0.905691,0.045227,0.074617,0.733373,0.599979,0.624727,1.000000,0.593407,0.631056,1.000000,0.207849,0.231727,0.984298,0.684080,0.696193,1.000000,0.810841,0.827161,1.000000,0.863672,0.864541,1.000000,0.270568,0.281082,0.995300,0.911048,0.918561,1.000000,0.498021,0.504417,1.000000,0.672398,0.689348,1.000000,0.153192,0.112606,0.866887,0.779414,0.783726,1.000000,0.258534,0.229805,0.988199,0.736952,0.705073,1.000000,0.801558,0.758869,1.000000,0.334824,0.297404,0.997500,0.838735,0.813892,1.000000,0.991294,0.990348,1.000000,0.246674,0.233100,0.986499,0.638910,0.604548,1.000000,0.932613,0.931045,1.000000,0.661633,0.664321,1.000000,0.802576,0.785949,1.000000,0.940602,0.939464,1.000000,0.803555,0.791857,1.000000
"rs4837771",0.145946,0.152680,0.932793,0.115185,0.116046,0.875388,0.499617,0.523125,1.000000,0.949581,0.950917,1.000000,0.951355,0.953599,1.000000,0.878365,0.876815,1.000000,0.769635,0.778514,1.000000,0.671691,0.688211,1.000000,0.080415,0.079161,0.757276,0.349809,0.357108,0.999000,0.578415,0.580433,1.000000,0.199898,0.198540,0.973697,0.150836,0.152874,0.936294,0.200268,0.200669,0.975298,0.083155,0.083713,0.773677,0.668742,0.701664,1.000000,0.113484,0.101611,0.842184,0.447712,0.479064,1.000000,0.703120,0.721004,1.000000,0.140280,0.200661,0.970797,0.810925,0.827762,1.000000,0.882520,0.898677,1.000000,0.530065,0.557835,1.000000,0.202968,0.216097,0.980998,0.873292,0.884462,1.000000,0.726598,0.729024,1.000000,0.804579,0.804439,1.000000,0.417957,0.449931,1.000000,0.768853,0.770870,1.000000,0.473454,0.494602,0.999900,0.092394,0.063567,0.682668,0.548052,0.561753,1.000000,0.866053,0.867512,1.000000,0.746647,0.724523,1.000000,0.128068,0.070737,0.732673,0.971979,0.967545,1.000000,0.552086,0.510495,1.000000,0.189372,0.178451,0.966197,0.231641,0.209527,0.977798,0.226891,0.181606,0.964096,0.228765,0.214123,0.978298,0.104142,0.098039,0.816982,0.214806,0.176265,0.960596,0.115733,0.105949,0.842384,0.075064,0.057561,0.647765
"rs944642",0.334494,0.341288,0.998900,0.992273,0.992230,1.000000,0.808114,0.807532,1.000000,0.865724,0.866289,1.000000,0.548728,0.562945,1.000000,0.630943,0.626520,1.000000,0.208836,0.214473,0.981898,0.309470,0.308997,0.997200,0.549899,0.543501,1.000000,0.592888,0.595913,1.000000,0.932947,0.932763,1.000000,0.333333,0.332777,0.998500,0.589500,0.587843,1.000000,0.520086,0.521575,1.000000,0.425340,0.422719,0.999900,0.966349,0.969836,1.000000,0.602156,0.591904,1.000000,0.748458,0.758333,1.000000,0.592391,0.621560,1.000000,0.247763,0.320232,0.998300,0.507233,0.536069,1.000000,0.841623,0.857859,1.000000,0.588343,0.609534,1.000000,0.360502,0.371930,0.999700,0.606322,0.633761,1.000000,0.885345,0.883398,1.000000,0.776283,0.772584,1.000000,0.543830,0.571107,1.000000,0.859306,0.857992,1.000000,0.621717,0.637310,1.000000,0.138516,0.105319,0.848685,0.575615,0.587116,1.000000,0.474995,0.448640,1.000000,0.400304,0.358181,0.999600,0.702739,0.642011,1.000000,0.148743,0.119072,0.884588,0.099179,0.065117,0.700370,0.035319,0.024962,0.382338,0.906085,0.901133,1.000000,0.819822,0.802599,1.000000,0.973144,0.973618,1.000000,0.260110,0.265120,0.991599,0.893383,0.884118,1.000000,0.446295,0.447683,0.999900,0.520480,0.501222,1.000000
"rs7868021",0.568465,0.573174,1.000000,0.015379,0.015867,0.276528,0.058318,0.058701,0.659266,0.318514,0.326521,0.998400,0.245757,0.250403,0.991199,0.679429,0.680726,1.000000,0.808082,0.812498,1.000000,0.711443,0.714170,1.000000,0.435336,0.441518,1.000000,0.492925,0.495287,1.000000,0.948026,0.946528,1.000000,0.915769,0.916789,1.000000,0.901424,0.902243,1.000000,0.595493,0.594915,1.000000,0.712271,0.713683,1.000000,0.313627,0.350034,0.999000,0.057363,0.055462,0.639664,0.022888,0.029683,0.438444,0.503634,0.539868,1.000000,0.060282,0.096357,0.816682,0.322485,0.348923,0.999100,0.182761,0.227879,0.983598,0.402735,0.435066,0.999900,0.578770,0.587182,1.000000,0.294039,0.331305,0.998100,0.927499,0.925667,1.000000,0.960529,0.960874,1.000000,0.934407,0.938324,1.000000,0.615656,0.614541,1.000000,0.847742,0.855007,1.000000,0.820791,0.801420,1.000000,0.127804,0.145599,0.923992,0.717336,0.702326,1.000000,0.457150,0.428074,1.000000,0.776981,0.729702,1.000000,0.664141,0.630399,1.000000,0.299564,0.249719,0.991899,0.160250,0.122970,0.899290,0.583771,0.566359,1.000000,0.917637,0.907673,1.000000,0.850230,0.847908,1.000000,0.919465,0.920192,1.000000,0.791430,0.770305,1.000000,0.807637,0.806718,1.000000,0.739623,0.722321,1.000000
"rs7853439",0.653031,0.658883,1.000000,0.938525,0.937748,1.000000,0.965058,0.965993,1.000000,0.746821,0.751225,1.000000,0.830670,0.836001,1.000000,0.782815,0.783739,1.000000,0.083856,0.094179,0.810681,0.607638,0.613251,1.000000,0.441303,0.446601,1.000000,0.343255,0.346422,0.998900,0.333006,0.328029,0.998800,0.720168,0.723903,1.000000,0.403560,0.402008,0.999900,0.404187,0.406937,0.999800,0.296706,0.296540,0.996600,0.149366,0.181186,0.962696,0.889026,0.883388,1.000000,0.903767,0.908772,1.000000,0.744081,0.762424,1.000000,0.670383,0.722196,1.000000,0.366831,0.400868,0.999800,0.068963,0.099415,0.820882,0.892566,0.901870,1.000000,0.563396,0.582788,1.000000,0.531736,0.566373,1.000000,0.410998,0.409140,0.999700,0.682717,0.682685,1.000000,0.486628,0.517041,1.000000,0.700764,0.702235,1.000000,0.490727,0.508309,1.000000,0.358066,0.313302,0.997600,0.968960,0.969765,1.000000,0.945859,0.943787,1.000000,0.401819,0.372479,0.999900,0.432101,0.351651,0.999200,0.161167,0.127314,0.900290,0.570046,0.518285,1.000000,0.362304,0.335075,0.999200,0.611173,0.597794,1.000000,0.471358,0.418661,1.000000,0.593336,0.581987,1.000000,0.326420,0.334911,0.998100,0.634252,0.602932,1.000000,0.414198,0.405939,0.999900,0.428095,0.402152,0.999600
"rs16909765",0.152665,0.155986,0.937594,0.457310,0.450846,1.000000,0.102113,0.104796,0.843384,0.505429,0.508842,1.000000,0.701840,0.702672,1.000000,0.140027,0.142651,0.919092,0.246166,0.251036,0.991999,0.635007,0.630589,1.000000,0.732269,0.729919,1.000000,0.170938,0.175850,0.953295,0.513833,0.507347,1.000000,0.779593,0.778907,1.000000,0.295004,0.294001,0.996600,0.882040,0.879648,1.000000,0.648725,0.646560,1.000000,0.009379,0.015748,0.279328,0.357955,0.339092,0.999100,0.185707,0.210604,0.977498,0.195985,0.224832,0.984298,0.338327,0.402902,0.999800,0.292524,0.311734,0.997900,0.274757,0.323174,0.998100,0.274788,0.304819,0.996600,0.214751,0.221918,0.982998,0.281700,0.321821,0.997900,0.672398,0.667158,1.000000,0.263968,0.264827,0.992999,0.203267,0.226323,0.982198,0.671208,0.667846,1.000000,0.345971,0.356043,0.999100,0.497070,0.444457,1.000000,0.914242,0.915249,1.000000,0.327186,0.292420,0.997100,0.687247,0.661705,1.000000,0.646480,0.582586,1.000000,0.300594,0.263388,0.993999,0.594916,0.540838,1.000000,0.639911,0.605273,1.000000,0.412826,0.399605,1.000000,0.392958,0.342897,0.999300,0.614904,0.611407,1.000000,0.436366,0.434882,0.999900,0.860376,0.846519,1.000000,0.504820,0.499904,1.000000,0.736362,0.723010,1.000000
"rs914593",0.154999,0.160966,0.943494,0.321262,0.309658,0.998400,0.699782,0.705949,1.000000,0.851094,0.850004,1.000000,0.801820,0.801862,1.000000,0.839532,0.840920,1.000000,0.514595,0.526156,1.000000,0.619786,0.615262,1.000000,0.347351,0.350661,0.999600,0.770537,0.772740,1.000000,0.656518,0.654946,1.000000,0.719211,0.717627,1.000000,0.701890,0.705619,1.000000,0.845777,0.844185,1.000000,0.690208,0.690996,1.000000,0.237453,0.275777,0.994699,0.521165,0.503806,1.000000,0.535389,0.554664,1.000000,0.886089,0.893544,1.000000,0.253988,0.316994,0.998100,0.341215,0.369753,0.999500,0.481152,0.538205,1.000000,0.467380,0.504677,1.000000,0.509826,0.519510,1.000000,0.743637,0.764722,1.000000,0.680168,0.681265,1.000000,0.534563,0.540654,1.000000,0.886273,0.894514,1.000000,0.674400,0.683616,1.000000,0.724827,0.738926,1.000000,0.414111,0.371568,0.999600,0.444304,0.452314,1.000000,0.920371,0.915049,1.000000,0.903449,0.894316,1.000000,0.391973,0.305652,0.997800,0.468895,0.414517,1.000000,0.842242,0.816942,1.000000,0.957898,0.952926,1.000000,0.503025,0.490339,1.000000,0.939053,0.929857,1.000000,0.834237,0.829032,1.000000,0.889021,0.888304,1.000000,0.683859,0.655255,1.000000,0.868419,0.865907,1.000000,0.836594,0.824881,1.000000
"rs914592",0.085899,0.087715,0.791779,0.282585,0.271457,0.995500,0.730606,0.738756,1.000000,0.786773,0.785473,1.000000,0.789329,0.789380,1.000000,0.904475,0.903494,1.000000,0.546529,0.556242,1.000000,0.738184,0.732206,1.000000,0.357072,0.361256,0.999700,0.911760,0.912071,1.000000,0.728634,0.726471,1.000000,0.655133,0.653562,1.000000,0.631522,0.636234,1.000000,0.769377,0.767512,1.000000,0.610582,0.610799,1.000000,0.122123,0.150487,0.930893,0.446625,0.428007,0.999700,0.570388,0.589298,1.000000,0.825683,0.838308,1.000000,0.276481,0.346525,0.999100,0.568912,0.589520,1.000000,0.528976,0.584665,1.000000,0.740166,0.761682,1.000000,0.432990,0.445917,0.999900,0.903853,0.913602,1.000000,0.776079,0.776457,1.000000,0.447248,0.455484,1.000000,0.739023,0.757605,1.000000,0.568471,0.580225,1.000000,0.579730,0.599828,1.000000,0.387443,0.346934,0.998900,0.448653,0.458815,1.000000,0.921525,0.916660,1.000000,0.872536,0.860794,1.000000,0.447412,0.361352,0.999500,0.438630,0.383628,0.999800,0.832498,0.805281,1.000000,0.892176,0.880522,1.000000,0.609823,0.596271,1.000000,0.973272,0.969029,1.000000,0.838573,0.834451,1.000000,0.878368,0.877158,1.000000,0.730171,0.704269,1.000000,0.860527,0.858188,1.000000,0.876549,0.867544,1.000000
"rs1888893",0.093762,0.092329,0.808581,0.336435,0.327621,0.999100,0.842118,0.842704,1.000000,0.795755,0.792644,1.000000,0.502885,0.502259,1.000000,0.381668,0.379972,0.999600,0.846715,0.847474,1.000000,0.953490,0.953480,1.000000,0.248499,0.249352,0.991399,0.814146,0.816735,1.000000,0.806115,0.803393,1.000000,0.522388,0.522209,1.000000,0.584043,0.587860,1.000000,0.463832,0.460506,0.999900,0.430759,0.429556,0.999900,0.114117,0.144487,0.922592,0.408330,0.384712,0.999600,0.377875,0.410259,0.999800,0.678069,0.701590,1.000000,0.087016,0.136452,0.907391,0.713494,0.733709,1.000000,0.921257,0.932369,1.000000,0.882522,0.892490,1.000000,0.166742,0.172794,0.954895,0.978444,0.980566,1.000000,0.663416,0.664389,1.000000,0.294755,0.297371,0.997500,0.454896,0.477570,1.000000,0.248595,0.254603,0.991899,0.270545,0.284728,0.995700,0.427812,0.385475,0.999600,0.593730,0.601694,1.000000,0.550833,0.519048,1.000000,0.961807,0.957538,1.000000,0.447598,0.371566,0.999700,0.385004,0.331791,0.998700,0.861620,0.839181,1.000000,0.948378,0.942770,1.000000,0.801170,0.795051,1.000000,0.720025,0.687330,1.000000,0.930834,0.929584,1.000000,0.888296,0.888638,1.000000,0.977099,0.974886,1.000000,0.908429,0.907912,1.000000,0.988131,0.987164,1.000000
"rs2282168",0.116574,0.120089,0.881888,0.247825,0.238200,0.989799,0.654039,0.661408,1.000000,0.720799,0.721691,1.000000,0.777177,0.776616,1.000000,0.978407,0.978204,1.000000,0.457254,0.466923,0.999900,0.812059,0.807692,1.000000,0.360151,0.364549,0.999700,0.788386,0.789750,1.000000,0.665043,0.663955,1.000000,0.652357,0.649205,1.000000,0.701357,0.705057,1.000000,0.802552,0.799870,1.000000,0.645553,0.644682,1.000000,0.119821,0.149454,0.929293,0.431858,0.411883,0.999600,0.532277,0.553744,1.000000,0.786782,0.802648,1.000000,0.243421,0.309989,0.997700,0.517386,0.538424,1.000000,0.471730,0.530721,1.000000,0.700687,0.724972,1.000000,0.459144,0.472868,0.999900,0.830992,0.847557,1.000000,0.783078,0.783567,1.000000,0.435830,0.446183,1.000000,0.798684,0.814523,1.000000,0.559402,0.571518,1.000000,0.609534,0.630188,1.000000,0.524607,0.484259,1.000000,0.396345,0.405049,1.000000,0.992876,0.992384,1.000000,0.815593,0.799968,1.000000,0.411440,0.326020,0.998800,0.519382,0.468102,1.000000,0.749487,0.711594,1.000000,0.951569,0.945567,1.000000,0.584388,0.572619,1.000000,0.869507,0.850885,1.000000,0.735481,0.728338,1.000000,0.865783,0.864523,1.000000,0.773796,0.752544,1.000000,0.799914,0.795510,1.000000,0.897830,0.889649,1.000000
"rs3780674",0.841550,0.841541,1.000000,0.421663,0.413053,1.000000,0.395537,0.406032,0.999800,0.909573,0.912158,1.000000,0.443249,0.441536,1.000000,0.277575,0.279694,0.995800,0.326879,0.340272,0.999200,0.700592,0.698370,1.000000,0.594438,0.592840,1.000000,0.887967,0.889533,1.000000,0.251172,0.246442,0.990799,0.923468,0.922100,1.000000,0.902347,0.901532,1.000000,0.600645,0.594553,1.000000,0.651300,0.650586,1.000000,0.236084,0.273424,0.994499,0.828845,0.821245,1.000000,0.743487,0.756582,1.000000,0.767534,0.783764,1.000000,0.716889,0.752134,1.000000,0.851380,0.861634,1.000000,0.208740,0.250327,0.990099,0.345318,0.366908,0.999100,0.748761,0.753465,1.000000,0.997363,0.997597,1.000000,0.260224,0.255452,0.992899,0.402084,0.401741,1.000000,0.863801,0.871023,1.000000,0.875783,0.877843,1.000000,0.945334,0.946877,1.000000,0.325700,0.276765,0.993899,0.343639,0.355967,0.999500,0.370698,0.343865,0.999200,0.879516,0.869945,1.000000,0.462114,0.378810,0.999700,0.163879,0.130071,0.905491,0.931863,0.921548,1.000000,0.651249,0.617565,1.000000,0.260102,0.245915,0.990299,0.838907,0.821883,1.000000,0.636429,0.632073,1.000000,0.446425,0.441129,1.000000,0.715205,0.692782,1.000000,0.548319,0.539837,1.000000,0.555361,0.534604,1.000000
"rs2297453",0.031749,0.030109,0.435044,0.287656,0.277489,0.996500,0.679718,0.677289,1.000000,0.565082,0.562749,1.000000,0.540365,0.537029,1.000000,0.422959,0.422910,0.999900,0.828663,0.828589,1.000000,0.916269,0.916389,1.000000,0.184994,0.187882,0.966297,0.853132,0.852459,1.000000,0.774082,0.771123,1.000000,0.645999,0.643333,1.000000,0.383395,0.384615,0.999700,0.541176,0.537613,1.000000,0.353342,0.348895,0.999200,0.024961,0.036326,0.502250,0.628464,0.612188,1.000000,0.765052,0.782275,1.000000,0.439648,0.467563,1.000000,0.608660,0.660723,1.000000,0.418071,0.450769,1.000000,0.785562,0.812264,1.000000,0.688998,0.711692,1.000000,0.181278,0.191168,0.967197,0.813493,0.829669,1.000000,0.736683,0.732630,1.000000,0.475038,0.473731,1.000000,0.394458,0.419058,0.999900,0.361335,0.361104,0.999700,0.279264,0.290160,0.996000,0.422246,0.369757,0.999600,0.308543,0.322452,0.998600,0.379979,0.349399,0.999300,0.965047,0.961458,1.000000,0.170794,0.105325,0.858886,0.744655,0.713820,1.000000,0.565439,0.510569,1.000000,0.803404,0.787565,1.000000,0.588031,0.575977,1.000000,0.978642,0.975790,1.000000,0.943531,0.942943,1.000000,0.950892,0.950883,1.000000,0.701410,0.679165,1.000000,0.964202,0.964025,1.000000,0.814826,0.804058,1.000000
"rs1547266",0.809812,0.808883,1.000000,0.447408,0.438263,1.000000,0.426699,0.433853,0.999900,0.763329,0.769312,1.000000,0.503899,0.499856,1.000000,0.232666,0.235486,0.986499,0.342349,0.354484,0.999300,0.555447,0.551071,1.000000,0.677898,0.678098,1.000000,0.841897,0.843360,1.000000,0.269565,0.266996,0.993799,0.871464,0.869098,1.000000,0.976421,0.976128,1.000000,0.505230,0.498258,0.999900,0.642149,0.639697,1.000000,0.179340,0.211540,0.979698,0.828348,0.821182,1.000000,0.652003,0.668671,1.000000,0.641115,0.664951,1.000000,0.743978,0.775261,1.000000,0.664900,0.685909,1.000000,0.283305,0.328291,0.998500,0.210200,0.230814,0.984098,0.716333,0.722114,1.000000,0.972911,0.975182,1.000000,0.291637,0.288474,0.996700,0.476455,0.476404,1.000000,0.834654,0.843016,1.000000,0.835939,0.839240,1.000000,0.947420,0.949094,1.000000,0.276318,0.228537,0.984498,0.378261,0.387909,0.999800,0.495569,0.465137,1.000000,0.953121,0.949222,1.000000,0.529054,0.446792,1.000000,0.198780,0.162088,0.949095,0.809797,0.782433,1.000000,0.630576,0.595927,1.000000,0.318079,0.306219,0.998900,0.797966,0.776601,1.000000,0.626071,0.622079,1.000000,0.316850,0.311512,0.997100,0.789231,0.771715,1.000000,0.450516,0.441962,0.999900,0.541565,0.521490,1.000000
"rs12376337",0.612270,0.613862,1.000000,0.421752,0.415695,1.000000,0.355698,0.366681,0.999400,0.812519,0.817389,1.000000,0.413675,0.411306,0.999900,0.096916,0.097820,0.818482,0.485504,0.495380,1.000000,0.565588,0.563136,1.000000,0.801277,0.801454,1.000000,0.655469,0.659592,1.000000,0.274748,0.272096,0.994399,0.911158,0.910466,1.000000,0.847310,0.845924,1.000000,0.530221,0.528346,1.000000,0.747507,0.747930,1.000000,0.139055,0.168961,0.951395,0.671037,0.656205,1.000000,0.577831,0.595041,1.000000,0.621874,0.645392,1.000000,0.724305,0.759113,1.000000,0.404896,0.430360,0.999900,0.311587,0.358462,0.999000,0.192969,0.210571,0.975698,0.563506,0.571746,1.000000,0.713008,0.733428,1.000000,0.311492,0.306284,0.997500,0.495031,0.496040,1.000000,0.622107,0.639551,1.000000,0.829871,0.832503,1.000000,0.930005,0.932594,1.000000,0.397414,0.352816,0.999100,0.470408,0.485199,1.000000,0.449286,0.423036,1.000000,0.855729,0.844565,1.000000,0.412397,0.329948,0.998900,0.123509,0.095932,0.825883,0.948864,0.941385,1.000000,0.578120,0.541519,1.000000,0.322821,0.306400,0.998900,0.795484,0.774774,1.000000,0.606698,0.599845,1.000000,0.370343,0.368090,0.999500,0.805008,0.788119,1.000000,0.490573,0.479825,1.000000,0.571315,0.548792,1.000000
"rs12379034",0.663378,0.663675,1.000000,0.371286,0.364033,0.999700,0.459078,0.469795,0.999900,0.793350,0.799393,1.000000,0.463220,0.460997,1.000000,0.186561,0.190598,0.967097,0.461511,0.469830,0.999900,0.653525,0.652413,1.000000,0.791164,0.789089,1.000000,0.717182,0.720164,1.000000,0.207430,0.209447,0.977298,0.862259,0.860258,1.000000,0.895894,0.894528,1.000000,0.448366,0.444602,0.999900,0.677014,0.674645,1.000000,0.127586,0.157379,0.940794,0.719475,0.708556,1.000000,0.677435,0.691926,1.000000,0.480998,0.506829,1.000000,0.773499,0.802801,1.000000,0.556355,0.580600,1.000000,0.353991,0.401331,0.999800,0.174891,0.193512,0.965797,0.662836,0.669099,1.000000,0.817360,0.831754,1.000000,0.186899,0.184921,0.964896,0.499551,0.501001,1.000000,0.738887,0.751583,1.000000,0.696512,0.701592,1.000000,0.923804,0.926430,1.000000,0.332502,0.288029,0.995600,0.358228,0.371103,0.999600,0.524473,0.496647,1.000000,0.718937,0.699200,1.000000,0.446662,0.365779,0.999600,0.194609,0.159944,0.947095,0.924772,0.913073,1.000000,0.439037,0.399178,0.999700,0.400412,0.385796,1.000000,0.777501,0.755427,1.000000,0.658365,0.653909,1.000000,0.337302,0.334123,0.998100,0.872785,0.862170,1.000000,0.490556,0.478325,1.000000,0.614826,0.595640,1.000000
"rs10119527",0.682729,0.686033,1.000000,0.538930,0.535132,1.000000,0.618830,0.626154,1.000000,0.978562,0.979299,1.000000,0.384214,0.383484,0.999600,0.223325,0.226453,0.983898,0.190856,0.197149,0.973297,0.713091,0.710221,1.000000,0.548478,0.546143,1.000000,0.670927,0.671358,1.000000,0.095033,0.092466,0.798380,0.583029,0.576344,1.000000,0.642426,0.636471,1.000000,0.249317,0.242488,0.988999,0.313730,0.309601,0.997300,0.221719,0.255931,0.992099,0.838562,0.831178,1.000000,0.784184,0.795486,1.000000,0.645580,0.668816,1.000000,0.809654,0.833846,1.000000,0.438558,0.461408,1.000000,0.220427,0.262995,0.992399,0.208828,0.225825,0.982498,0.698967,0.704810,1.000000,0.859790,0.869819,1.000000,0.224189,0.220930,0.984298,0.573783,0.575578,1.000000,0.918958,0.922748,1.000000,0.709403,0.714888,1.000000,0.817919,0.823421,1.000000,0.484464,0.439874,1.000000,0.497913,0.507650,1.000000,0.664566,0.638985,1.000000,0.599177,0.572879,1.000000,0.312384,0.234088,0.988999,0.341339,0.294939,0.997400,0.544589,0.489790,1.000000,0.426233,0.385288,0.999600,0.200301,0.187279,0.963696,0.666574,0.633807,1.000000,0.253111,0.245816,0.988699,0.163881,0.163039,0.937194,0.433905,0.398750,0.999900,0.200312,0.190229,0.965397,0.222104,0.195801,0.971997
"rs10984901",0.145058,0.146952,0.926193,0.897492,0.894911,1.000000,0.383476,0.401018,0.999700,0.499546,0.500391,1.000000,0.623318,0.629230,1.000000,0.685584,0.691002,1.000000,0.038706,0.041177,0.531353,0.338526,0.340701,0.998800,0.090070,0.090403,0.800780,0.386109,0.387468,0.999500,0.052489,0.049286,0.592959,0.147068,0.144158,0.922392,0.177948,0.176000,0.958596,0.029525,0.029498,0.429443,0.024617,0.023538,0.367137,0.551921,0.583580,1.000000,0.649812,0.638731,1.000000,0.847853,0.856890,1.000000,0.864899,0.872540,1.000000,0.453122,0.509917,1.000000,0.820923,0.834737,1.000000,0.094889,0.126089,0.887689,0.852956,0.862022,1.000000,0.143822,0.142197,0.919192,0.251141,0.281909,0.993699,0.026354,0.026757,0.404440,0.146904,0.143741,0.920292,0.158677,0.174003,0.955196,0.018704,0.019931,0.321032,0.021925,0.025692,0.394239,0.132297,0.106398,0.852185,0.494545,0.513012,1.000000,0.281128,0.273477,0.995800,0.416944,0.375448,0.999900,0.123985,0.071166,0.734373,0.725040,0.688843,1.000000,0.214927,0.175077,0.961196,0.106842,0.091442,0.814881,0.359823,0.344670,0.999700,0.973971,0.971371,1.000000,0.653066,0.654193,1.000000,0.571926,0.569608,1.000000,0.647163,0.624521,1.000000,0.509889,0.511981,1.000000,0.406752,0.391333,0.999600
"rs7859743",0.287948,0.294409,0.996100,0.535630,0.535350,1.000000,0.875665,0.878331,1.000000,0.975851,0.975788,1.000000,0.495231,0.496340,1.000000,0.662936,0.664102,1.000000,0.975482,0.975840,1.000000,0.581899,0.592060,1.000000,0.261979,0.268168,0.993699,0.449006,0.451152,1.000000,0.701117,0.693590,1.000000,0.464477,0.461447,0.999900,0.304220,0.311747,0.997600,0.577032,0.571274,1.000000,0.303074,0.304216,0.996900,0.513547,0.555877,1.000000,0.498054,0.488463,0.999900,0.782990,0.798042,1.000000,0.813107,0.826858,1.000000,0.089254,0.134469,0.904690,0.770998,0.788061,1.000000,0.925568,0.935421,1.000000,0.844367,0.858577,1.000000,0.150833,0.164292,0.944894,0.700502,0.729673,1.000000,0.776050,0.775318,1.000000,0.395539,0.395212,1.000000,0.316811,0.348876,0.999700,0.459591,0.465623,1.000000,0.296098,0.316282,0.997600,0.396281,0.347506,0.998900,0.848916,0.856860,1.000000,0.613369,0.606063,1.000000,0.775453,0.753071,1.000000,0.442424,0.355701,0.999300,0.745806,0.713255,1.000000,0.958707,0.952994,1.000000,0.558568,0.534242,1.000000,0.896639,0.892402,1.000000,0.492116,0.437633,1.000000,0.797465,0.792361,1.000000,0.861659,0.858893,1.000000,0.658580,0.631005,1.000000,0.968971,0.968194,1.000000,0.688818,0.668825,1.000000
"rs4836820",0.176690,0.184662,0.965297,0.700007,0.698295,1.000000,0.674414,0.681747,1.000000,0.974736,0.974990,1.000000,0.842282,0.843440,1.000000,0.881618,0.882399,1.000000,0.942202,0.943780,1.000000,0.734847,0.737985,1.000000,0.169873,0.178072,0.960196,0.336267,0.341889,0.998900,0.860148,0.856323,1.000000,0.229328,0.225336,0.985699,0.202560,0.211366,0.979498,0.350494,0.339802,0.998900,0.169949,0.173173,0.955996,0.312189,0.357944,0.999400,0.535923,0.524522,1.000000,0.926234,0.931570,1.000000,0.699930,0.719303,1.000000,0.245870,0.312689,0.998000,0.441723,0.467702,1.000000,0.558480,0.610077,1.000000,0.782574,0.803597,1.000000,0.212826,0.228335,0.984698,0.758929,0.781789,1.000000,0.685651,0.684564,1.000000,0.285403,0.293326,0.997200,0.393417,0.430064,0.999900,0.440989,0.448282,1.000000,0.325846,0.351249,0.999100,0.371941,0.321830,0.998000,0.919457,0.924007,1.000000,0.606136,0.592082,1.000000,0.645120,0.615693,1.000000,0.339014,0.250634,0.992199,0.542653,0.497544,1.000000,0.601204,0.556401,1.000000,0.428190,0.396398,0.999700,0.501879,0.492901,1.000000,0.280975,0.229040,0.986899,0.859472,0.853048,1.000000,0.540197,0.531270,1.000000,0.342458,0.308064,0.997900,0.589748,0.578445,1.000000,0.339891,0.315521,0.997700
"rs4836819",0.176520,0.183687,0.964296,0.563550,0.563551,1.000000,0.678386,0.684287,1.000000,0.803939,0.805439,1.000000,0.635323,0.635753,1.000000,0.655119,0.655418,1.000000,0.902907,0.904596,1.000000,0.708787,0.715471,1.000000,0.252935,0.256953,0.991899,0.462478,0.462902,1.000000,0.840015,0.834092,1.000000,0.427675,0.421451,0.999800,0.305149,0.308487,0.997300,0.503031,0.495527,0.999900,0.288340,0.285967,0.995400,0.367239,0.413791,0.999900,0.490465,0.479764,0.999900,0.859522,0.869634,1.000000,0.834574,0.847921,1.000000,0.116510,0.162427,0.942994,0.855092,0.865849,1.000000,0.991853,0.992878,1.000000,0.876626,0.887777,1.000000,0.135234,0.148583,0.926993,0.659058,0.690289,1.000000,0.913234,0.913011,1.000000,0.294831,0.297061,0.997500,0.290459,0.322530,0.999000,0.349697,0.355796,0.999500,0.235870,0.253988,0.990099,0.313848,0.267240,0.992399,0.906325,0.911693,1.000000,0.438726,0.428208,1.000000,0.569192,0.532066,1.000000,0.349857,0.265309,0.994599,0.651956,0.610359,1.000000,0.853327,0.834844,1.000000,0.708003,0.691165,1.000000,0.920248,0.917398,1.000000,0.550152,0.498164,1.000000,0.859723,0.853829,1.000000,0.953639,0.952340,1.000000,0.703399,0.677919,1.000000,0.997681,0.997603,1.000000,0.763538,0.746238,1.000000
"rs872423",0.839447,0.839632,1.000000,0.391692,0.382343,0.999900,0.397578,0.408446,0.999800,0.941288,0.943034,1.000000,0.395812,0.393876,0.999800,0.232359,0.233058,0.985699,0.323592,0.336018,0.999100,0.712482,0.710510,1.000000,0.664381,0.662912,1.000000,0.738335,0.741619,1.000000,0.308588,0.302987,0.997000,0.927636,0.926202,1.000000,0.978322,0.978137,1.000000,0.646121,0.640899,1.000000,0.741060,0.740877,1.000000,0.242273,0.281103,0.995100,0.739629,0.727862,1.000000,0.721245,0.735130,1.000000,0.778667,0.794685,1.000000,0.647386,0.689817,1.000000,0.734402,0.750832,1.000000,0.212360,0.254566,0.991199,0.360686,0.380593,0.999300,0.634131,0.640274,1.000000,0.748749,0.769034,1.000000,0.362767,0.356282,0.999300,0.380847,0.381241,1.000000,0.676160,0.692581,1.000000,0.982656,0.982864,1.000000,0.880168,0.883771,1.000000,0.335033,0.286069,0.995300,0.367873,0.379876,0.999800,0.390597,0.363336,0.999600,0.845429,0.833289,1.000000,0.450405,0.367336,0.999700,0.164761,0.130720,0.905891,0.916253,0.903525,1.000000,0.656525,0.623180,1.000000,0.249928,0.235454,0.986999,0.884339,0.871637,1.000000,0.606585,0.601896,1.000000,0.416809,0.412033,0.999800,0.681308,0.656437,1.000000,0.514829,0.506112,1.000000,0.516845,0.494792,1.000000
"rs10818453",0.188132,0.190116,0.969597,0.462453,0.457244,1.000000,0.482659,0.490690,0.999900,0.720761,0.721405,1.000000,0.760984,0.758243,1.000000,0.555761,0.553172,1.000000,0.772606,0.775096,1.000000,0.505350,0.515617,1.000000,0.349622,0.354774,0.999600,0.286828,0.284148,0.994799,0.971528,0.970689,1.000000,0.313657,0.304969,0.996900,0.260401,0.264950,0.993199,0.326874,0.312546,0.997900,0.191790,0.189660,0.969397,0.368958,0.415786,0.999900,0.414006,0.401480,0.999600,0.962504,0.965153,1.000000,0.937749,0.942477,1.000000,0.137871,0.188283,0.963196,0.720459,0.740546,1.000000,0.747252,0.777212,1.000000,0.660229,0.687893,1.000000,0.137942,0.149848,0.928893,0.487353,0.522854,1.000000,0.706581,0.702964,1.000000,0.207909,0.205934,0.975498,0.220023,0.246842,0.989699,0.169306,0.168648,0.949895,0.126441,0.139546,0.914691,0.337863,0.288347,0.995700,0.832701,0.841084,1.000000,0.293539,0.290463,0.997000,0.554877,0.522633,1.000000,0.276247,0.189143,0.971997,0.635344,0.594297,1.000000,0.934636,0.925827,1.000000,0.616894,0.590866,1.000000,0.851380,0.848000,1.000000,0.418640,0.365111,0.999600,0.737436,0.727533,1.000000,0.883510,0.879476,1.000000,0.727189,0.707242,1.000000,0.991494,0.991069,1.000000,0.767407,0.750514,1.000000
"rs4836817",0.006717,0.007103,0.142814,0.442462,0.433206,1.000000,0.777382,0.781726,1.000000,0.849292,0.850672,1.000000,0.407404,0.407230,0.999800,0.539901,0.542388,1.000000,0.953631,0.953725,1.000000,0.151771,0.151975,0.931093,0.024218,0.023524,0.364436,0.105926,0.114100,0.866787,0.613902,0.606077,1.000000,0.420391,0.414051,0.999800,0.024978,0.026376,0.398040,0.261020,0.250531,0.991099,0.039600,0.037799,0.506251,0.022368,0.032794,0.470047,0.875924,0.871045,1.000000,0.565410,0.585266,1.000000,0.491419,0.514374,1.000000,0.953202,0.960116,1.000000,0.601715,0.621274,1.000000,0.775955,0.803415,1.000000,0.097264,0.115675,0.866187,0.073613,0.080268,0.765277,0.262298,0.303967,0.996400,0.877382,0.876701,1.000000,0.294512,0.289088,0.996500,0.086030,0.107764,0.849785,0.254595,0.247962,0.990299,0.089039,0.102452,0.832583,0.133556,0.103455,0.844384,0.330336,0.357719,0.999500,0.824894,0.822161,1.000000,0.626425,0.597376,1.000000,0.192248,0.131016,0.911491,0.739939,0.712013,1.000000,0.684927,0.649222,1.000000,0.775471,0.759318,1.000000,0.170879,0.155353,0.934493,0.244741,0.196780,0.975298,0.560866,0.563233,1.000000,0.975852,0.975643,1.000000,0.151970,0.123012,0.887789,0.685758,0.682967,1.000000,0.240059,0.217330,0.981898
"rs4837763",0.369977,0.380067,0.999600,0.771501,0.774637,1.000000,0.880586,0.882590,1.000000,0.939288,0.939051,1.000000,0.986899,0.986982,1.000000,0.381641,0.378905,0.999600,0.205570,0.218086,0.983298,0.244837,0.253210,0.991299,0.350390,0.357972,0.999700,0.896307,0.896819,1.000000,0.586034,0.578303,1.000000,0.167397,0.160874,0.943694,0.571683,0.574511,1.000000,0.318255,0.314078,0.997900,0.294463,0.293619,0.996300,0.848727,0.864802,1.000000,0.144008,0.133461,0.909891,0.429422,0.461525,0.999900,0.866430,0.876798,1.000000,0.250354,0.314205,0.998000,0.757806,0.772667,1.000000,0.178521,0.220329,0.981498,0.571876,0.600364,1.000000,0.267154,0.279457,0.994199,0.460731,0.490025,1.000000,0.385374,0.377562,0.999500,0.054091,0.053828,0.623262,0.346558,0.369464,0.999900,0.173456,0.172187,0.953195,0.137072,0.149436,0.931193,0.279127,0.235500,0.986699,0.286597,0.302421,0.997700,0.558065,0.531496,1.000000,0.780648,0.763905,1.000000,0.235608,0.161773,0.950095,0.350980,0.310646,0.998100,0.659902,0.618484,1.000000,0.278828,0.243656,0.990899,0.836879,0.833701,1.000000,0.574899,0.532991,1.000000,0.917541,0.916379,1.000000,0.988763,0.988560,1.000000,0.882466,0.873248,1.000000,0.966194,0.965396,1.000000,0.989374,0.988576,1.000000
"rs10760095",0.103244,0.114727,0.869587,0.166607,0.168536,0.952595,0.845707,0.847977,1.000000,0.981651,0.981982,1.000000,0.567438,0.573548,1.000000,0.720330,0.718317,1.000000,0.169645,0.177689,0.960796,0.093439,0.094854,0.813481,0.142752,0.142333,0.920492,0.548139,0.550344,1.000000,0.635164,0.629370,1.000000,0.047943,0.047708,0.588559,0.297858,0.297719,0.996800,0.189434,0.183626,0.963296,0.117921,0.117187,0.873887,0.038443,0.060084,0.667667,0.376991,0.357839,0.999300,0.546591,0.560528,1.000000,0.660276,0.683565,1.000000,0.885968,0.903898,1.000000,0.717917,0.737644,1.000000,0.073662,0.098849,0.819182,0.056037,0.067962,0.701670,0.193954,0.208208,0.976598,0.454248,0.498090,1.000000,0.241704,0.241712,0.989799,0.069547,0.069381,0.709571,0.250113,0.284933,0.996200,0.075319,0.078714,0.750675,0.057735,0.069894,0.710471,0.850738,0.830439,1.000000,0.280600,0.289111,0.996800,0.725824,0.714624,1.000000,0.620862,0.593806,1.000000,0.497453,0.402434,1.000000,0.888720,0.874169,1.000000,0.910227,0.895406,1.000000,0.669784,0.634094,1.000000,0.445839,0.430481,1.000000,0.932101,0.924785,1.000000,0.588193,0.575197,1.000000,0.334737,0.322672,0.997600,0.762452,0.742603,1.000000,0.972317,0.970995,1.000000,0.783779,0.770083,1.000000
